first_name,middle_name,last_name,badge_count,profile_url
José Humberto,,Abril García,1,/users/jose-humberto-abril-garcia/badges
Jorge,,Aguado,1,/users/jorge-aguado.af120df6/badges
Eduardo Alejandro,,Aguilar Barradas,2,/users/eduardo-alejandro-aguilar-barradas/badges
Jair,,Aguilar Peña,1,/users/jair-aguilar-pena/badges
Luis,,Aguilar,1,/users/luis-aguilar.81341371/badges
Juan,,Aguilera Huerta,1,/users/juan-aguilera-huerta.fbca393a/badges
Diego,,Aguilera,1,/users/diego-aguilera.b6acd828/badges
Francisco,,Agustin Marcos,1,/users/francisco-agustin-marcos/badges
Jesus,,Alanis,3,/users/jesus-alanis.f859c2ad/badges
Daniel,,Alanís,1,/users/daniel-alanis-hernandez/badges
Elmer Alexis,,Alpuche Morales,1,/users/elmer-alexis-alpuche-morales/badges
Luz Deorela Sabas,,Alvarado Lara,1,/users/luz-deorela-sabas-alvarado-lara/badges
Angel,,Alvarado,1,/users/angel-alvarado.10e08172/badges
Javier,,Alvarado,1,/users/javier.alvarado/badges
Jonathan,,Alvarez Vilchis,1,/users/jonathan-alvarez-vilchis.48426fd3/badges
Javier,,Alviso,3,/users/javier-alviso/badges
Snehshil,,Anand,1,/users/snehshil-anand/badges
Israel,,Anguiano,1,/users/israel-anguiano.3db8a75f/badges
Edwin,,Angulo,1,/users/edwin-angulo.945d9c45/badges
Victor,,Arana Mosqueda,1,/users/victor-arana-mosqueda/badges
Angel,,Arce Gaxiola,1,/users/angel-arce-gaxiola/badges
Gustavo Rynatt,,Arce Torales,1,/users/gustavo-rynatt-arce-torales.32bbffab/badges
Eddy,,Arellanes,1,/users/eddy-arellanes/badges
Thania Elizabeth,,Arredondo Palacios,1,/users/thania-elizabeth-arredondo-palacios/badges
Christian Daniel,,Arzaluz Tellez,1,/users/christian-daniel-arzaluz-tellez/badges
Daniel Antonio,,Attwell Pompa,1,/users/daniel-antonio-attwell-pompa/badges
Joan Erick,,Avila Mendoza,1,/users/joan-erick-avila-mendoza/badges
Carlos,,Avila Ruvalcaba,1,/users/carlos-avila-ruvalcaba/badges
Adolfo,,Aviles Mauries,1,/users/adolfo-aviles-mauries/badges
Omar,,Aviles,1,/users/omar-aviles/badges
Jordi,Eduardo,Ayala Soto,2,/users/asjordi/badges
Punith,,Badiger,1,/users/punith-badiger/badges
Francisco,,Balderas Martinez,1,/users/francisco-balderas-martinez/badges
Jesús Gabriel,,Ballesteros Garcia,1,/users/jesus-gabriel-ballesteros-garcia/badges
Alejandro,,Barrientos Escalante,1,/users/alejandro-barrientos-escalante/badges
Jose,,Barron,1,/users/jose-barron.8227f08a/badges
Sea,,Bassy,1,/users/sea-bassy/badges
Luis Antonio,,Beltran Prieto,5,/users/luis-antonio-beltran-prieto/badges
Isaac Alain,,Benavides Hernandez,1,/users/isaac-alain-benavides-hernandez/badges
Armando,,Berlanga,1,/users/armando-berlanga/badges
Asish,,Biswaprakash,2,/users/asish-biswaprakash/badges
Amandine,,Blayo,1,/users/amandine-blayo/badges
Gael,,Borchardt,1,/users/gael-borchardt/badges
Víctor,,Briones,1,/users/victor-briones.f51538fe/badges
Angel,,Brito Segura,1,/users/angel-brito.442d0937/badges
Rafael,,Brito,2,/users/rafael-brito.50f7ee3b/badges
Josephe,Esau,Bueno Ramirez,1,/users/josephe-esau-bueno-ramirez/badges
Mikhail,,Bulanev,1,/users/mikhail-bulanev.08d2650e/badges
JOSE FERNANDO,,CASTAÑEDA ESTRADA,1,/users/fcestrada/badges
JOSE,,CRUZ AMBROCIO,1,/users/jose-cruz-ambrocio/badges
VICTOR,,CRUZ GONZALEZ,1,/users/victor-cruz-gonzalez/badges
Saulo,,Cabral,1,/users/saulo-cabral.3a17c38d/badges
Gerardo Javier,,Cabrera Reynaga,1,/users/gerardo-javier-cabrera-reynaga/badges
Enrique Job,,Calderon Olalde,1,/users/enrique-job-calderon-olalde/badges
José Miguel,,Camacho Camacho,1,/users/jose-miguel-camacho-camacho/badges
Rosendo,,Camacho,2,/users/rosendo-camacho/badges
Efren,,Carbajal Escamilla,2,/users/efren-carbajal-escamilla/badges
Javier,,Carmona Gallegos,1,/users/javier-carmona-gallegos.8c16d4ab/badges
Alejandro de Jesus,,Carrillo Martinez,1,/users/alejandro-de-jesus-carrillo-martinez/badges
Mario,,Carrillo,1,/users/mario-carrillo.a2842f34/badges
Harold Ivan,,Carvajal,1,/users/harold-ivan-carvajal/badges
Ana,,Casas,1,/users/ana-casas.ba348d29/badges
Luis,,Castañeda,1,/users/luis-castaneda.f2ca7254/badges
Alejandro,,Castellanos Nochebuena,1,/users/alejandro-castellanos-nochebuena/badges
Adad Nahum,,Castillo Castillo,1,/users/adad-nahum-castillo-castillo/badges
Fabián,,Castillo Rodríguez,1,/users/fabian-castillo-rodriguez/badges
César Fernando,,Castro Parada,2,/users/lordbear117/badges
Gerardo Alberto,,Cataño Cañizales,1,/users/gerardocatano/badges
Daniel Isaí,,Catonga Tecla,1,/users/daniel-isai-catonga-tecla/badges
Allfadir,,Cedillo,1,/users/allfadir-cedillo/badges
Marco,,Cerqueda Dillanes,2,/users/marco-cerqueda-dillanes/badges
Ernesto,,Chavarria Jimenez,1,/users/ernesto-chavarria-jimenez/badges
Fernando Mauricio,,Chavarría Reyes,1,/users/fernando-mauricio-chavarria-reyes/badges
Enrique,,Chavez Romero,1,/users/enrique-chavez-romero.1806cae3/badges
Marino,,Chimal,1,/users/marino-chimal/badges
Balaji,,Chinnadurai,1,/users/balaji-chinnadurai/badges
Daniel,,Chávez Flores,2,/users/dchavezf/badges
Alan,,Cienega,1,/users/alan-cienega/badges
Wilfrido,,Colmenares Alavez,1,/users/wilfrido-colmenares-alavez/badges
Alexis Isaí,,Contreras Garza,1,/users/alexis-isai-contreras-garza/badges
Luis Francisco,,Contreras Gonzalez,1,/users/luis-francisco-contreras-gonzalez.78ff4aff/badges
César Iván,,Coyoc y Coyoc,1,/users/cesar-ivan-coyoc-y-coyoc/badges
Evangelina,,Cruz Bañuelos,1,/users/evangelina-cruz-banuelos/badges
Alejandra María,,Cruz Flores,1,/users/alejandra-maria-cruz-flores.af652f07/badges
Eduardo,,Cruz García,1,/users/eduardo-cruz-garcia/badges
Gerardo,,Cruz,1,/users/gerardo-cruz.fdc8f057/badges
Saul,,Cruz,2,/users/saul-cruz.df2002f8/badges
CRUZ OSWALDO,,DEL TORO MEJIA,1,/users/cruz-oswaldo-del-toro-mejia/badges
Andres,,De La Torre Villa,1,/users/andres-de-la-torre-villa.a164a91f/badges
Andres,,De La Torre Villa,1,/users/andres-de-la-torre-villa/badges
Christian,,Del Prado,2,/users/christian-del-prado/badges
Hector,,Delgado,2,/users/hector-delgado/badges
Amado,,Demesa,3,/users/amado-demesa/badges
Jorge Luis,,Duarte Ruiz,1,/users/jorge-luis-duarte-ruiz/badges
Kevin Uriel,,Dulche Jaime,1,/users/kevin-uriel-dulche-jaime/badges
Ana,,Espadas,1,/users/ana-espadas/badges
Hugo,,Esparza Castañeda,1,/users/hugoesparzac/badges
Emmanuel Alexis,,Esperilla Castro,1,/users/emmanuel-alexis-esperilla-castro/badges
Julio Cesar,,Espinosa Mosqueda,1,/users/julio-cesar-espinosa-mosqueda.10a739d9/badges
Karla,,Esquivel,1,/users/karla-esquivel.f6b83a92/badges
Jose Antonio,,Estrada Pavia,1,/users/jose-antonio-estrada-pavia.ec72618d/badges
Jose Enrique,,Estremadoyro Fort,1,/users/jose-enrique-estremadoyro-fort/badges
Julio Cesar,,Fermin Jimenez,1,/users/julio-fermin/badges
Israel Alejandro,,Fernandez Gutierrez,1,/users/israel-alejandro-fernandez-gutierrez/badges
Liliana,,Fernández,1,/users/liliana-fernandez.d52290af/badges
Valeria,,Fernández,1,/users/valeria-fernandez.97025efe/badges
Carlos Enrique,,Flores González,1,/users/carlos-enrique-flores-gonzalez/badges
Eduardo,,Flores,1,/users/ed-flores/badges
María José,,Fonseca,1,/users/maria-jose-fonseca.2f02dfdf/badges
Luis,,Font,1,/users/luis-font.6b110bd0/badges
Cristofer,,Franco Vilchis,1,/users/cristofer-franco-vilchis/badges
Luis Alberto,,Fuentes Sánchez,1,/users/luis-alberto-fuentes-sanchez/badges
Alex,,Fuentes,1,/users/alex-fuentes.79bc05dc/badges
Jorge,,Fuentes,1,/users/jorge-fuentes.aeb15297/badges
Paul,,Furlan,2,/users/paul-furlan/badges
MIGUEL,,GALINDO RODRIGUEZ,1,/users/miguel-galindo-rodriguez/badges
Juan Carlos,,Ganzo Dominguez,1,/users/juan-carlos-ganzo-dominguez/badges
Javier,,Garcia Chavez,1,/users/javier-garcia-chavez/badges
Fernando Martin,,Garcia Del Angel,1,/users/fernando-martin-garcia-del-angel.8193f50b/badges
Alejandro,,Garcia Mears,2,/users/alejandro-garcia-mears.6e18a801/badges
Eduardo,Alejandro,Garcia Mendoza,1,/users/eddy-mendoza.82873b00/badges
Aldo,,Garcia,1,/users/aldo-garcia.4871a1ce/badges
Cristhian,Adal,Garcia,1,/users/cristhian-adal-garcia/badges
Juan Pablo Javier,,García Castillo,1,/users/juan-pablo-javier-garcia-castillo/badges
Kevin,,García Morales,1,/users/kevin-garcia-morales/badges
Alan,,García Muñiz,1,/users/alan-garcia-muniz/badges
Carlos Jesús,,García Ortega,1,/users/carlos-jesus-garcia-ortega/badges
Adalberto,,García,1,/users/adalberto-garcia.82bb92df/badges
Andrea,,Garibaldi,1,/users/andrea-garibaldi.277e6284/badges
Eduardo,,Garza Briceño,1,/users/eduardo-garza-briceno/badges
Jesus,,Gasca Palacio,1,/users/jesus-gasca-palacio/badges
Alvin,,George Ambattu,5,/users/ambattu/badges
Vadim,,Ghilas,2,/users/vadim-ghilas/badges
Gabriel,,Gomez,1,/users/gabriel-gomez.06b5e16f/badges
Angel Dabnee,,Gonzalez Rodriguez,1,/users/angel-dabnee-gonzalez-rodriguez/badges
Mauricio,,Gonzalez Urbano,2,/users/mauricio-gonzalez-urbano.bc69d0fd/badges
Alvaro,,Gonzalez,2,/users/alvaro-gonzalez.da2d065d/badges
Edgar,,Gonzalez,1,/users/edgar-gonzalez.2b356397/badges
José,,Gonzalez,2,/users/jose-gonzalez.24f279ec/badges
Tenoch,,Gonzalez,1,/users/tenoch-gonzalez/badges
Pablo Gerardo,,González López,1,/users/pablo-gerardo-gonzalez-lopez/badges
Santiago,,González Siordia,2,/users/santiagosiordia/badges
Alejandra,,Gorriz,1,/users/alejandra-gorriz/badges
Lautaro,,Gruss,3,/users/lautaro-gruss/badges
Cesar Alexandro,,Guerra Gonzalez,1,/users/cesar-alexandro-guerra-gonzalez/badges
Luis Gerardo,,Guerra,1,/users/luis-gerardo-guerra/badges
Alejandro,,Guevara,1,/users/alejandro-guevara.605c8a62/badges
Miguel Angel,,Gurrola,1,/users/miguel-angel-gurrola/badges
Roberto,,Gutiérrez García,1,/users/roberto-gutierrez-garcia.f5ecebc5/badges
Andres M,,Guzman Dominguez,1,/users/andres-m-guzman-dominguez/badges
Rodrigo Gael,,Guzmán Alburo,1,/users/rodrigo-gael-guzman-alburo/badges
Vicente,Gerardo,Guzmán Lucio,2,/users/vggl/badges
José,,Gómez Orozco,1,/users/jose-gomez-orozco/badges
Cristian,,Gómez,1,/users/cristian-gomez.c8e17860/badges
ROSA,ANGELICA,HERNANDEZ RAMIREZ,1,/users/rosa-hernandez-ramirez/badges
Rafael,,Hernandez Adame,1,/users/rafael-hernandez-adame/badges
Fernando,Ivan Antonio,Hernandez Diaz,1,/users/fernando-ivan-hernandez/badges
Victor,,Hernandez Fernandez,2,/users/victor-hernandez-fernandez/badges
Adrian,,Hernandez Reyes,1,/users/adrian-hernandez-reyes.62ef664c/badges
Sergio,,Hernandez Zavala,2,/users/sergio-hernandez-zavala/badges
Javier,,Hernandez,1,/users/javier-hernandez.16805ea1/badges
Mónica,,Hernádez Martínez,1,/users/monica-hernadez-martinez/badges
Gabriel Alejandro,,Hernández Aguilar,1,/users/gabriel-alejandro-hernandez-aguilar/badges
Edgar,,Hernández Hernández,1,/users/edgar-hernandez-hernandez/badges
Sergio,,Hernández Medrano,1,/users/sergio-hernandez-medrano/badges
Luz María,,Hernández Soriano,1,/users/luz-maria-hernandez-soriano/badges
Bernardo,,Hernández,1,/users/bernardo-hernandez.e843846b/badges
Celeste,,Hernández,1,/users/celeste-hernandez.5207466b/badges
Julio,,Hernández,1,/users/jchernandez88/badges
José Antonio,,Herrera Castillo,2,/users/jose-antonio-herrera-castillo/badges
Rafael,,Herrera Martinez,1,/users/rafael-herrera-martinez/badges
Diego,,Herrera Prado,1,/users/diego-herrera-prado/badges
Toño,,Herrera,1,/users/tonoherreraprofile/badges
Jorge Luis,,Huerta Vargas,1,/users/jorge-luis-huerta-vargas/badges
Gilberto,,Ibarra,2,/users/gilberto-ibarra.0608aff5/badges
David,,Iturriaga Sotelo,1,/users/david-iturriaga-sotelo.142728dc/badges
Diego,,Jacobo,1,/users/diego-jacobo/badges
Victor Christian,,Jaime Tamayo,1,/users/victor-christian-jaime-tamayo/badges
Humberto,,Jaimes,3,/users/humberto-jaimes/badges
Luis,,Jara Ibarra,2,/users/luis-jara-ibarra/badges
Jaquelin,,Jardon,1,/users/jaquelin-jardon/badges
Fernando,,Jarero,1,/users/fernando-jarero/badges
Vipul,,Jasiwar,3,/users/vipul-jasiwar/badges
Julia Margarita,,Jimenez Herrera,1,/users/julia-margarita-jimenez-herrera/badges
José Alberto,,Jiménez Mata,1,/users/jose-alberto-jimenez-mata.c61cbb2e/badges
Johan,,Juarez Gonzalez,1,/users/johan-juarez-gonzalez/badges
Jesus,,Juarez de Felipe,1,/users/jesus-juarez-de-felipe/badges
Debanjan,,Konch,1,/users/debanjan-konch/badges
Siva,,Kumar,1,/users/siva-kumar.69cbfba4/badges
ISAAC,ISAIAS,LOPEZ LOPEZ,1,/users/isaac-isaias-lopez-lopez/badges
Victor Julian,,Laboinet Ibarra,1,/users/victor-julian-laboinet-ibarra.df991910/badges
Gustavo,,Lara,1,/users/gustavo-lara.f8a3f42d/badges
Aldo,,Lares,1,/users/aldo-lares/badges
Diego,,Leon,1,/users/diego-leon.48b76ff0/badges
Silvia,,Leyva Apodaca,1,/users/silvia-leyva-apodaca/badges
Marco Antonio,,Leyva Gaona,1,/users/marco-antonio-leyva-gaona/badges
Jesus,,Limon,1,/users/jesus-limon.be5d6c25/badges
Julio Cesar,,Lopez Felix,1,/users/julio-cesar-lopez-felix/badges
Uriel Abraham,,Lopez Fleischer,1,/users/uriel-abraham-lopez-fleischer/badges
Pedro Antonio,,Lopez Lopez,1,/users/pedro-antonio-lopez-lopez/badges
Jorge Francisco,,Lopez Valdez,1,/users/jorge-francisco-lopez-valdez.89ee10e8/badges
Angelica,,Lopez,1,/users/angelica-lopez.434f1bc5/badges
Ezequiel,,Lopez,1,/users/ezequiel-lopez.b162c172/badges
Oscar,,Lozano,1,/users/oscar-lozano.f722dec5/badges
Jose,,Luna,3,/users/jose-luna.668460a9/badges
Andrés,,López Corrales,1,/users/andres-lopez-corrales/badges
Abraham Israel,,López Eguiarte,1,/users/abraham-israel-lopez-eguiarte.cd6f0409/badges
Luis Hector,,López,1,/users/luis-hector-lopez/badges
MIGUEL ARTURO,,MADRIGAL ESCOTO,1,/users/miguel-arturo-madrigal-escoto.cc3f6432/badges
DANIELA,,MARTIN MARTINEZ,1,/users/daniela-martin-martinez.8547af69/badges
Ricardo Ivan,,Macias Fusco,1,/users/ricardo-ivan-macias-fusco/badges
Efrén,,Macías,1,/users/efren-macias/badges
Mukesh,,Mahin,1,/users/mukesh-mahin/badges
Daniel,,Mares Esparza,1,/users/daniel-mares-esparza/badges
Zelzin,Marcela,Marquez Navarrete,1,/users/tsuki/badges
Angel,,Marrufo Gomez,1,/users/angel-marrufo-gomez/badges
Linus David,,Martinez Garcia,1,/users/linus-david-martinez-garcia/badges
Salvador,,Martinez Luna,2,/users/salvador-martinez-luna/badges
Jose Robles,,Martinez,1,/users/jose-robles-martinez/badges
Julio,,Martinez,1,/users/julio-martinez.be0dd4fc/badges
Pablo,,Martinez,1,/users/pablo-martinez.bb54e046/badges
Mario,,Martínez Arteaga,1,/users/mario-martinez-arteaga.6147b47b/badges
Juan Francisco,,Martínez Gómez,1,/users/juan-francisco-martinez-gomez/badges
Jacobo,,Martínez Rodríguez,1,/users/jacobo-martinez-rodriguez/badges
Miguel,,Martínez,1,/users/miguelmtz/badges
Bipin,,Maurya,2,/users/bipin-maurya.0d84d12b/badges
Olguiver,,Maya Falcon,1,/users/olguiver-maya-falcon/badges
Leobardo,,Medellin Arellanes,1,/users/leobardo-medellin-arellanes/badges
Claudia Paola,,Medina Santamaria,1,/users/claudia-paola-medina-santamaria/badges
David,,Medina,2,/users/david-medina.1e1b2210/badges
Luis Alberto,,Medina,1,/users/luis-alberto-medina.137c579b/badges
Rafael,,Medina,1,/users/rafael-medina.3278b45a/badges
Nikhil,,Mehra,1,/users/nikhil-mehra-911/badges
César Omar,,Meléndez Peralta,1,/users/cesar-omar-melendez-peralta/badges
Luis Andres,,Mendez Miranda,1,/users/macluisandres/badges
Jorge Arturo,,Mendoza Andriano,1,/users/jorge-arturo-mendoza-andriano.9587554c/badges
Benjamin Wesley,,Mendoza Gómez,1,/users/wesley-mendoza-gomez/badges
Angel Alberto,,Mendoza Ramirez,1,/users/angel-alberto-mendoza-ramirez/badges
Vicente,,Mendoza,2,/users/vicente-mendoza.e5b45fe9/badges
Alan,,Mercado,1,/users/alan-mercado.8a3199a4/badges
Eduardo,,Merinos Sosa,2,/users/eduardo-merinos-sosa/badges
Cesar Octavio de Jesus,,Meza Carrillo,1,/users/cesar-octavio-de-jesus-meza-carrillo.aa745c33/badges
Andrei,,Mikriukov,1,/users/andrei-mikriukov.6ccccf5b/badges
Cristian Alejandro,,Molina de la Cruz,1,/users/cristian-alejandro-molina-de-la-cruz/badges
Axel,,Monroy,1,/users/axel-monroy/badges
Reynaldo,,Montes de Oca,1,/users/reynaldo-montes-de-oca.81f39d56/badges
Emmanuel,,Montes lugo,1,/users/emmanuel-montes-lugo.7bdf4250/badges
Ángel,David,Montoya Sepúlveda,2,/users/angel-montoya.fa74818c/badges
Yesenia,,Morales Valenzuela,1,/users/yesenia-morales-valenzuela/badges
Adalberto,,Moran Lopez,1,/users/adalberto-moran-lopez.99931536/badges
Jose Alberto,,Moreno Guerra,1,/users/jose-alberto-moreno-guerra/badges
José Rafael,,Moro Galindo,2,/users/jose-rafael-moro-galindo/badges
Fernando,,Morán Fougerat,1,/users/fernando-moran-fougerat/badges
Edgar,,Munoz,1,/users/edgar-munoz.669c5651/badges
Miguel,,Murga Guevara,2,/users/miguel-murga-guevara/badges
Nishanth,,Murugesan,2,/users/nishanth-murugesan.ed8f2360/badges
Maribel,,Méndez Medina,1,/users/maribel-mendez-medina/badges
Eulalio,,Nava,1,/users/eulalio-nava/badges
Allison Priscila,,Navalles Colores,1,/users/allison-priscila-navalles-colores/badges
Felipe,,Navarrete,2,/users/felipe-navarrete.4f78670e/badges
Gael,,Nevarez Mendivil,1,/users/gael-nevarez-mendivil/badges
Isai,,Nieves Cesmas,2,/users/isai-nieves-cesmas/badges
Diego,,Norberto Peralta,1,/users/diego-norberto-peralta/badges
Jesus Adan,,Noriega Burgos,1,/users/jesus-adan-noriega-burgos/badges
Luis,,Noriega,1,/users/luisnoriegag/badges
Ian,,Nájar,1,/users/ian-najar/badges
PAUL,,OCHOA,1,/users/paul-ochoa.c3a18e3b/badges
EUSEBIO,,OLVERA CHAVEZ,1,/users/eusebio-olvera-chavez/badges
Mario Abraham,,Ochoa Tovar,1,/users/mario-abraham-ochoa-tovar/badges
Tonatiuh,,Olascuaga,1,/users/tonatiuh-olascuaga/badges
Jose Cruz,,Olivares,2,/users/jose-cruz-olivares/badges
Hugo Eduardo,,Ontiveros Ledezma,1,/users/hugo-eduardo-ontiveros-ledezma/badges
Emilio,,Oropeza,1,/users/emilio-oropeza/badges
Juan Francisco,,Ortega Aguilar,3,/users/juan-francisco-ortega-aguilar/badges
Eleni,,Ortiz Krinis,1,/users/eleni-ortiz-krinis/badges
Gabriela,,Ortiz,1,/users/gabriela-ortiz.2280ff5c/badges
Manuel,,Ortiz,2,/users/manuosmx/badges
Alexis,,Osnaya,1,/users/alexis-osnaya/badges
Narayanaswamy,,P V,1,/users/narayanaswamy-p-v/badges
RAFAEL,,PENA VILLARREAL,5,/users/rafael-pena-villarreal/badges
LEOBARDO,,PRECIADO VIDALS,1,/users/leobardo-preciado-vidals/badges
Oliver,,Pabloff Angeles,2,/users/oliver-pabloff-angeles/badges
Rogelio,,Padilla Santillana,1,/users/rogelio-padilla-santillana.a66ef4b8/badges
Jorge,,Padilla,1,/users/jorge-padilla.e186f037/badges
Jose,,Pallares,1,/users/jose-pallares.2fec3e02/badges
Adrián Enrique,,Palma Sosa,1,/users/adrian-enrique-palma-sosa/badges
Alonso,,Parasxidis Moreno,1,/users/alonso-parasxidis/badges
Luis Daniel,,Paredes Zamudio,1,/users/wallsified/badges
Ariel Emilio,,Parra Martínez,1,/users/ariel-emilio-parra-martinez/badges
Juan Guillermo,,Pascacio Angel,1,/users/juan-guillermo-pascacio-angel/badges
Juan Guillermo,,Pascacio Angel,1,/users/juan-guillermo-pascacio-angel.c3bb08fd/badges
Edgar Renato,,Pastrana Alvarez,1,/users/edgar-renato-pastrana-alvarez/badges
Leslye,,Patiño Ortega,1,/users/leslye-patino-ortega/badges
Julio,,Paz Sosa,1,/users/julio-paz-sosa/badges
José Antonio,,Perez Ibarra,1,/users/jose-antonio-perez-ibarra/badges
Alberto,,Perez Yañez,1,/users/alberto-perez-yanez/badges
Rogelio,,Perez de la Peña,1,/users/rogelio-perez-de-la-pena/badges
Emmanuel,,Perez,1,/users/emmanuel-perez.628aee69/badges
Frida,,Perez,2,/users/frida-perez.92998faf/badges
Leonardo Daniel,,Pincle Soto,1,/users/leonardo-daniel-pincle-soto/badges
Mario,,Pineda,1,/users/mario-pineda/badges
Patricio,,Piña Méndez,1,/users/patricio-gael-pina-mendez/badges
Sachin,,Poonia,2,/users/sachin-poonia.918a19d1/badges
Fabián,,Portillo González,1,/users/fabian-portillo-gonzalez/badges
Alejandra,,Pérez Castillo,2,/users/alejandra-perez-castillo/badges
Conrado,,Quezada Cuesta,1,/users/conrado-quezada-cuesta/badges
Carlos Josué,,Quintero Higuera,1,/users/carlos-josue-quintero-higuera/badges
Héctor Arturo,,Quiroz Rodríguez,2,/users/hector-arturo-quiroz-rodriguez/badges
YAZMANI,,REYES HERNANDEZ,3,/users/yazmani-reyes-hernandez/badges
ALVARO ISRAEL,,RUIZ RIVERA,1,/users/alvaro-israel-ruiz-rivera/badges
Diego,Andres,Ramirez Garcia,1,/users/diego-andres-ramirez-garcia/badges
Gustavo,,Ramirez Ledesma,1,/users/gustavo-ramirez-ledesma.ab6595bb/badges
Erick Daniel,,Ramirez Martinez,3,/users/erick-daniel-ramirez-martinez/badges
Joel,,Ramirez,2,/users/joel-ramirez.5c63c230/badges
Marco,,Ramos,1,/users/marco-ramos.74fcab89/badges
Luis Enrique,,Ramírez Arriaga,1,/users/luis-enrique-ramirez-arriaga/badges
Victor Manuel,,Ramírez Barajas,1,/users/victor-manuel-ramirez-barajas.71f19735/badges
Armando,,Ramírez González,1,/users/armando-ramirez-gonzalez/badges
María,Emilia,Ramírez Gómez,1,/users/maria-emilia-ramirez/badges
Raymundo,,Ramírez Méndez,1,/users/raymundo-ramirez-mendez/badges
Roberto,,Ramírez,1,/users/roberto-ramirez.a561709e/badges
Eduardo,,Rangel,1,/users/eduardo-rangel.cd0503cf/badges
Naga Nandhini,,Ravichandran,2,/users/naga-nandhini-ravichandran/badges
Arturo,,Rendon Cruz,1,/users/arturo-rendon-cruz/badges
Eduardo,,Resendez Sepulveda,2,/users/eduardoresendez/badges
Angel,,Retana Rivas,1,/users/angel-retana-rivas/badges
Yohelvis Rodrigo,,Reveron Fonseca,1,/users/yohelvis-rodrigo-reveron-fonseca/badges
Eduardo,,Reyes,1,/users/eduardo-reyes.60e85ff1/badges
Sagrario,,Reyes,1,/users/sagrario-estela-reyes-aguilar/badges
Gustavo,,Reyna,1,/users/gustavo-reyna-mx/badges
Ismael,,Rios,2,/users/ismael-rios.c0250522/badges
Jaime,,Rivera Contreras,1,/users/jaime-rivera-contreras/badges
Andrew Alejandro,,Rivera Encinas,1,/users/andrew-alejandro-rivera-encinas/badges
Jesus Andres,,Rivera Martinez,1,/users/jesus-andres-rivera-martinez/badges
Gustavo Alberto,,Robles Luna,1,/users/gustavo-alberto-robles-luna/badges
Miguel Angel,,Robles Roldan,1,/users/miguel-angel-robles-roldan/badges
Alejandro,,Robles,1,/users/alejandro-robles.1fb85e6d/badges
Oscar Alberto,,Rocha Arcos,1,/users/oscar-alberto-rocha-arcos/badges
Marco,,Rocha Uribe,1,/users/marco-rocha-uribe/badges
Karla,,Rodriguez Aguilera,1,/users/karla-rodriguez-aguilera/badges
Alvaro,,Rodriguez Ramirez,1,/users/alvaro-rodriguez-ramirez.09586b1e/badges
Oscar,,Rodriguez Romero,1,/users/oscar-rodriguez-romero/badges
Manuel Alejandro,,Rodriguez Sanabia,1,/users/manuel-alejandro-rodriguez-sanabia.10fab922/badges
Kaleb,,Rodriguez,1,/users/kaleb-rodriguez.2fd01ab7/badges
Mariano,Alberto,Rodríguez Díaz,1,/users/marianord/badges
Ricardo,,Rodríguez García,2,/users/ricardo-rodriguez-garcia/badges
David,,Rodríguez Hernández,1,/users/drodriguez/badges
Luis Angel,,Rosado Estrada,2,/users/luis-angel-rosado-estrada.a5915fb8/badges
Edwin,,Rosales Juarez,1,/users/edwin-rosales-juarez/badges
Eric,,Rosales Peña Alfaro,1,/users/eric-rosales-pena-alfaro/badges
Fernando,,Rosas,2,/users/fernando-rosas.41b2643d/badges
Carlos Alberto,,Ruiz Castrejón,2,/users/carlos-alberto-ruiz-castrejon/badges
Ruben Bernardo,,Ruiz Vega,1,/users/ruben-bernardo-ruiz-vega/badges
Alberto,,Ruiz,2,/users/alberto-ruiz.106a3376/badges
Saran,,S,2,/users/saran-s.04f91e1d/badges
VALLIAPPAN,,SANKARA NARAYANAN,2,/users/valliappan-sankara-narayanan/badges
CHRISTIAN,,SOLORIO ALONSO,2,/users/christian-solorio-alonso/badges
Alejandro Filiberto,,Salazar Sánchez,1,/users/alejandro-filiberto-salazar-sanchez/badges
Eduardo,,Salazar carrillo,1,/users/eduardo-salazar-carrillo/badges
Fernando,,Salazar,1,/users/fernando-salazar.6dd81583/badges
Manuel Ivan,,Salgado Garduño,1,/users/manuel-ivan-salgado-garduno/badges
Jose Diego,,Salgueiro Duarte,1,/users/jose-diego-salgueiro-duarte/badges
Christian Esteban,,Sanchez Aguilar,1,/users/christian-esteban-sanchez-aguilar/badges
Roberto,,Sanchez Rosas,1,/users/roberto-sanchez-rosas/badges
Saúl,,Sandoval,1,/users/saul-sandoval.5d167db0/badges
Osvaldo,,Santiago Estrada,1,/users/osvaldo-santiago-estrada/badges
Victor Miguel,,Santillán Lázaro,1,/users/victor-miguel-santillan-lazaro/badges
Oscar,Alberto,Santos Muñoz,1,/users/oscar-alberto-santos-munoz/badges
Joshua,,Saucedo,1,/users/joshua-saucedo/badges
Elias Edgardo,,Segundo Antonio,2,/users/elias-edgardo-segundo-antonio/badges
Andres,,Sepulveda,2,/users/andres-sepulveda.92808332/badges
Alejandro,,Serafin Gutierrez,1,/users/alejandro-serafin-gutierrez/badges
Einar Jhordany,,Serna Valdivia,1,/users/einar-jhordany-serna-valdivia/badges
Adan,,Sernas,1,/users/adan-sernas/badges
Gilberto,,Serrano Galvez,1,/users/gilberto-serrano-galvez/badges
Alejandro,,Serrano,1,/users/alejandro-serrano.aab18d01/badges
Claudia,,Serrano,2,/users/claudia-serrano.5d8aaeb9/badges
Ernesto Rafael,,Serratos Barragan,1,/users/ernesto-rafael-serratos-barragan/badges
Jose,Bulmaro,Silva Reyes,1,/users/jose-silva.1a3d2e05/badges
Abhinash,,Sivan,2,/users/abhinash-sivan/badges
David,Jonathan,Sol Llaven,1,/users/david-jonathan-sol-llaven/badges
Gabriel,,Solano De Sixto,1,/users/gabriel-solano-d-sixto/badges
Ernesto,,Solis Diaz,1,/users/ernesto-solis-diaz/badges
Ramón,,Solorio,2,/users/ramon-solorio/badges
Josué,,Solís Morales,2,/users/josue-solis-morales/badges
Fidel,,Soria,1,/users/fidel-soria/badges
David,Uriel,Sosa Gutiérrez,1,/users/david-sosa-gutierrez/badges
Carlos,,Soto Garcia,1,/users/carlos-soto-garcia.c73ad564/badges
Alex,,Soto Quiñonez,1,/users/alex-soto-quinonez/badges
Jaime,Alberto,Suarez Moctezuma,1,/users/jaime-alberto-suarez-moctezuma.cadcee63/badges
Angel Gabriel,,Sánchez Pavia,1,/users/angel-gabriel-sanchez-pavia/badges
Francisco,,Sánchez Vásquez,1,/users/francisco-sanchez-vasquez/badges
Daniel,,Sánchez,1,/users/daniel-sanchez.35a6969e/badges
RODRIGO,,TOVAR GOMEZ,1,/users/rodrigo-tovar-gomez/badges
Alonso,,Tagle,2,/users/alonso-tagle/badges
Allison Adriana,,Tapia Mena,1,/users/allison-adriana-tapia-mena/badges
Julio Cesar,,Tejeda Luna,1,/users/julio-cesar-tejeda-luna/badges
Ximena,,Tellez Salmon,1,/users/ximena-tellez-salmon/badges
Luis,Fernando,Tona,1,/users/luis-tona/badges
David Alberto,,Torres Jimenez,1,/users/david-alberto-torres-jimenez/badges
Vanessa,,Trejo,2,/users/vanessa-trejo.b90ba6dd/badges
Jorge Eithan,,Treviño Selles,1,/users/jorge-eithan-trevino-selles.da19b616/badges
Deyvi Fernando,,Tziu gomez,1,/users/deyvi-fernando-tziu-gomez/badges
Sumit,,Upadhyay,2,/users/sumit-upadhyay.b0d6fb5a/badges
Abril,,Urena,1,/users/abril-urena.1505e2e7/badges
Luis,David,Valades,4,/users/luis-david-rodriguez-valades/badges
Jesus,,Valadez,1,/users/jesus-valadez/badges
Santiago,,Valdés Uriarte,1,/users/santiago-valdes-uriarte/badges
Jonathan,,Valenzuela Diaz de Leon,1,/users/jonathan-valenzuela-diaz-de-leon/badges
Andrés,,Vallejo,1,/users/andres-vallejo.335fb172/badges
Marlon,,Vargas Contreras,1,/users/marlon-vargas-contreras/badges
Merry Thankam,,Varughese,2,/users/merrythankamvarughese/badges
Luis,Angel,Vazquez Lara,1,/users/luis-angel-vazquez-lara.e91a76ac/badges
Ana Lucia,,Vazquez Rivera,1,/users/ana-lucia-vazquez-rivera/badges
Eros,,Vazquez Trejo,1,/users/eros-vazquez-trejo/badges
Carlos,David,Vazquez,1,/users/carlos-vazquez.4bf2ac74/badges
Tomas,,Vazquez,1,/users/tomas-vazquez.7cee2e78/badges
Luis Enrique,,Venegas Dominguez,1,/users/luis-enrique-venegas-dominguez/badges
Rodrigo,,Vera Romero,2,/users/rodrigo-vera-romero/badges
Juan Pablo,,Vertiz Bajatta,4,/users/juan-vertiz/badges
Juan Carlos,,Vertiz Gonzalez,1,/users/juan-carlos-vertiz-gonzalez.587cfba1/badges
Luis José,,Villalobos,1,/users/luis-jose-villalobos/badges
Alan,,Villanueva Sanchez,1,/users/alan-villanueva-sanchez/badges
Arturo,,Villares Salgado,1,/users/arturo-villares-salgado/badges
Agustín,,Villarreal,1,/users/agustin-villarreal.14b16b04/badges
Pablo,,Villegas,2,/users/pablo-villegas.311d5def/badges
Fernando,,Vital Perea,2,/users/fernando-vital-perea/badges
Julio Cesar,,Vivas Medina,1,/users/julio-vivas-09/badges
Eder Yovany,,Vázquez Flores,1,/users/eder-yovany-vazquez-flores/badges
DANIELA,,WUOTTO FLORES,1,/users/daniela-wuotto-flores/badges
Srilasya,,Yarramothu,2,/users/srilasya-yarramothu/badges
Saúl Emanuel,,Yañez Salazar,1,/users/saul-emanuel-yanez-salazar/badges
Leonardo,,Zalazar,1,/users/leonardo-zalazar/badges
Marco,,Zamora,1,/users/marco-zamora.8f57e6e3/badges
Jose,Angel,Zavaleta Ruiz,1,/users/angel_zavaleta/badges
Karol,,Zayas,2,/users/karol-zayas/badges
Angel,,Zazueta,1,/users/angel-zazueta.33d5ab5e/badges
Gerardo Brallan,,Zenteno Molina,1,/users/gerardo-brallan-zenteno-molina.4783a911/badges
Daniel,,Zermeño,1,/users/daniel-zermeno/badges
Guillaume,,d'Herbemont,2,/users/guillaume-d-herbemont/badges
hugo kevin,,lara lopez,1,/users/hugo-kevin-lara-lopez/badges
esau,,maximino,1,/users/esau-maximino/badges
pablo,,rivera chavez,1,/users/pablo-rivera-chavez/badges
