first_name,middle_name,last_name,badge_count,profile_url
Sofus,,Albertsen,0,/users/sofus-albertsen/badges
Alexandra,,Aldershaab,1,/users/alexandra-aldershaab/badges
Navee,,Alok,1,/users/navee-alok/badges
Casper,,Bartholomæussen,1,/users/casperbart/badges
Audrius,,Bartkus,2,/users/audrius-bartkus/badges
Julius,,Bendt,1,/users/julius-bendt/badges
Frederik,,Berthelsen,1,/users/frederik-berthelsen/badges
Mathias,,Bidstrup,2,/users/mathias-bidstrup/badges
Jonas,,Blicher-Cordsen,3,/users/jonas-cordsen/badges
Thomas Lindskov,,Christensen,1,/users/thomas-lindskov-christensen/badges
Tomasz,,Cielecki,1,/users/tomasz-cielecki/badges
Bogdan,,Cioata,1,/users/bogdan-cioata.3e2353c0/badges
Noemi,,Csokas,4,/users/noemi-csokas.4a9790e1/badges
Christian,,Dannesboe,1,/users/christian-dannesboe/badges
Abhijit,,Darvankar,3,/users/abhijit-darvankar/badges
Erik,,Ejlskov Jensen,3,/users/erik-ejlskov-jensen/badges
Emil,,Emborg Thiel,1,/users/emil-emborg-thiel/badges
Raul,,Encarnacion,1,/users/raul.encarnacion/badges
Frederik,,Erbs Spang Thomsen,1,/users/frederik-erbs-spang-thomsen/badges
Gilli,,Fjallstein,1,/users/gilli-fjallstein/badges
Stiig,,Gade,2,/users/stiig-gade/badges
Baldur,,Gautason,1,/users/baldur-gautason/badges
Sushma Mohan,,H K,1,/users/sushma-mohan-h-k/badges
Kasper,,Hansen,1,/users/kasper-hansen.75f772d9/badges
Lasse,,Hastrup,1,/users/lasse-hastrup/badges
Lars,,Hvam,1,/users/lars-hvam/badges
Jesper,,Kristensen,1,/users/jesper-kristensen.d0090cb3/badges
Rasmus,,Kristensen,1,/users/rasmus-kristensen.5958bd73/badges
Mads,,Kristiansen,1,/users/mads-kristiansen.6e2b91b5/badges
John,,Kølle,1,/users/john-kolle/badges
Rasmus,,Lystrøm,5,/users/rasmus-lystrom/badges
Kasper,,Mikkelsen,2,/users/kasper-mikkelsen/badges
Brian,,Nielsen,1,/users/brian-nielsen.69e6954c/badges
Jasper,,Nygaard,1,/users/jasper-nygaard.93a92b34/badges
Jasper,,Nygaard,1,/users/jasper-nygaard/badges
Tomas,,Ondrejka,1,/users/tomondre/badges
Swatilekha,,Paul,2,/users/swatilekha-paul.5e57bb61/badges
Rasmus Ulslev,,Pedersen,1,/users/rasmus-ulslev-pedersen/badges
Andrei,,Penchilov,1,/users/andrei-penchilov/badges
Steffen,,Petersen,1,/users/steffen-petersen.3fa0eb9e/badges
Piotr,,Rajewicz,1,/users/piotr-rajewicz/badges
Sebastian,,Ramsbøl,1,/users/sebastian-ramsbol/badges
Cristian,,Russu,5,/users/cristian-russu/badges
Kasper,,Schou Telkamp,1,/users/kasper-schou-telkamp/badges
Sarah,,Seacrest,1,/users/sarah-seacrest/badges
Amruta,,Shetye,1,/users/amruta-shetye.ea23c764/badges
Nicolai,,Skovvart,3,/users/nicolai.skovvart/badges
Hazael,,Solomon,1,/users/hazael-solomon/badges
Morten,,Søe Pedersen,1,/users/morten-soe-pedersen.c72f7703/badges
Poul,,Sørensen,1,/users/poul-sorensen.408ef631/badges
Bo Vium,Vium,Thomsen,1,/users/bo-vium-thomsen/badges
Simona Iuliana,,Toader,2,/users/simona-iuliana-toader/badges
Alexandru,,Vasile,1,/users/alexandru-vasile.147a454f/badges
Yelin,,Wang,1,/users/yelin-wang.280f763a/badges
Mathias,,Wrobel,1,/users/mathias-wrobel/badges
Cristian,,Zara,2,/users/cristian-zara/badges
omkar,,jadhav,1,/users/omkar-jadhav.66186395/badges
ketaki,,kivade,1,/users/ketaki-kivade.0539074f/badges
